{
  "project_info": {
    "project_number": "424771011014",
    "project_id": "shopping-42db4",
    "storage_bucket": "shopping-42db4.firebasestorage.app"
  },
  "client": [
    {
      "client_info": {
        "mobilesdk_app_id": "1:424771011014:android:fe01837d11921b227b72c7",
        "android_client_info": {
          "package_name": "com.levant.shoppingland.client"
        }
      },
      "oauth_client": [],
      "api_key": [
        {
          "current_key": "AIzaSyClYZTDV-h7PiT-ecgCfU6_6tB_LfcHTQQ"
        }
      ],
      "services": {
        "appinvite_service": {
          "other_platform_oauth_client": []
        }
      }
    }
  ],
  "configuration_version": "1"
}